<?xml version="1.0" encoding="UTF-8"?><rss version="2.0"
	xmlns:content="http://purl.org/rss/1.0/modules/content/"
	xmlns:wfw="http://wellformedweb.org/CommentAPI/"
	xmlns:dc="http://purl.org/dc/elements/1.1/"
	xmlns:atom="http://www.w3.org/2005/Atom"
	xmlns:sy="http://purl.org/rss/1.0/modules/syndication/"
	xmlns:slash="http://purl.org/rss/1.0/modules/slash/"
	>

<channel>
	<title>Prodotti &#8211; LuxeTresor</title>
	<atom:link href="http://localhost/esercizio-20-03/negozio/feed/?simply_static_page=1623" rel="self" type="application/rss+xml" />
	<link></link>
	<description></description>
	<lastBuildDate>Wed, 22 Mar 2023 16:45:35 +0000</lastBuildDate>
	<language>it-IT</language>
	<sy:updatePeriod>
	hourly	</sy:updatePeriod>
	<sy:updateFrequency>
	1	</sy:updateFrequency>
	<generator>https://wordpress.org/?v=6.1.1</generator>

<image>
	<url>/wp-content/uploads/2023/03/cropped-Logotipo_Moda_Femenina_Negro_y_Beige__2_-removebg-preview-50x50.png</url>
	<title>Prodotti &#8211; LuxeTresor</title>
	<link></link>
	<width>32</width>
	<height>32</height>
</image> 
	<item>
		<title>Orecchini Tiffany &#038; Co. Primavera &#8211; Estate 2023</title>
		<link>/prodotto/orecchini-tiffany-co-primavera-estate-2023/</link>
					<comments>/prodotto/orecchini-tiffany-co-primavera-estate-2023/#respond</comments>
		
		<dc:creator><![CDATA[Francesco]]></dc:creator>
		<pubDate>Tue, 21 Mar 2023 15:47:21 +0000</pubDate>
				<guid isPermaLink="false">/?post_type=product#038;p=134</guid>

					<description><![CDATA[]]></description>
										<content:encoded><![CDATA[]]></content:encoded>
					
					<wfw:commentRss>/prodotto/orecchini-tiffany-co-primavera-estate-2023/feed/</wfw:commentRss>
			<slash:comments>0</slash:comments>
		
		
			</item>
		<item>
		<title>Bracciale Tiffany &#038; Co. Primavera &#8211; Estate 2023</title>
		<link>/prodotto/bracciale-tiffany-co-primavera-estate-2023/</link>
					<comments>/prodotto/bracciale-tiffany-co-primavera-estate-2023/#respond</comments>
		
		<dc:creator><![CDATA[Francesco]]></dc:creator>
		<pubDate>Tue, 21 Mar 2023 15:46:25 +0000</pubDate>
				<guid isPermaLink="false">/?post_type=product#038;p=133</guid>

					<description><![CDATA[]]></description>
										<content:encoded><![CDATA[]]></content:encoded>
					
					<wfw:commentRss>/prodotto/bracciale-tiffany-co-primavera-estate-2023/feed/</wfw:commentRss>
			<slash:comments>0</slash:comments>
		
		
			</item>
		<item>
		<title>BVLGARI ALLEGRA MAGNIFYING PATCHOULI EAU DE PARFUM</title>
		<link>/prodotto/zaino-burton-blue/</link>
					<comments>/prodotto/zaino-burton-blue/#respond</comments>
		
		<dc:creator><![CDATA[Francesco]]></dc:creator>
		<pubDate>Mon, 20 Mar 2023 15:39:53 +0000</pubDate>
				<guid isPermaLink="false">/?post_type=product#038;p=72</guid>

					<description><![CDATA[]]></description>
										<content:encoded><![CDATA[]]></content:encoded>
					
					<wfw:commentRss>/prodotto/zaino-burton-blue/feed/</wfw:commentRss>
			<slash:comments>0</slash:comments>
		
		
			</item>
		<item>
		<title>BVLGARI ALLEGRA MYRRH MAGNIFYING EAU DE PARFUM</title>
		<link>/prodotto/felpa-adidas-grigia-donna/</link>
					<comments>/prodotto/felpa-adidas-grigia-donna/#respond</comments>
		
		<dc:creator><![CDATA[Francesco]]></dc:creator>
		<pubDate>Mon, 20 Mar 2023 15:37:25 +0000</pubDate>
				<guid isPermaLink="false">/?post_type=product#038;p=71</guid>

					<description><![CDATA[]]></description>
										<content:encoded><![CDATA[]]></content:encoded>
					
					<wfw:commentRss>/prodotto/felpa-adidas-grigia-donna/feed/</wfw:commentRss>
			<slash:comments>0</slash:comments>
		
		
			</item>
		<item>
		<title>BVLGARI ALLEGRA MAGNIFYING MUSK EAU DE PARFUM</title>
		<link>/prodotto/cappellino-truck-quicsilver/</link>
					<comments>/prodotto/cappellino-truck-quicsilver/#respond</comments>
		
		<dc:creator><![CDATA[Francesco]]></dc:creator>
		<pubDate>Mon, 20 Mar 2023 15:24:00 +0000</pubDate>
				<guid isPermaLink="false">/?post_type=product#038;p=65</guid>

					<description><![CDATA[<p class="r-slide-action-block-title">Caratteristiche</p>

<ul class="r-slide-action-block-list">
 	<li><strong>Tessuto:</strong> Tessuto in misto di cotone e poliestere</li>
 	<li><strong>Costruzione:</strong> costruzione in schiuma a 5 pannelli</li>
 	<li><strong>Visiera:</strong> visiera semicurva</li>
 	<li>Pannello: pannello davanti in poliestere con supporto in schiuma</li>
 	<li>Pannelli posteriori in rete</li>
 	<li><strong>Chiusura: chiusura snapback di plastica
</strong></li>
 	<li>Marcatura:<strong> etichetta ad alta definizione sulla chiusura posteriore
</strong></li>
 	<li>Altre caratteristiche:  toppe miste</li>
</ul>]]></description>
										<content:encoded><![CDATA[<p class="r-slide-action-block-title">Caratteristiche</p>

<ul class="r-slide-action-block-list">
 	<li><strong>Tessuto:</strong> Tessuto in misto di cotone e poliestere</li>
 	<li><strong>Costruzione:</strong> costruzione in schiuma a 5 pannelli</li>
 	<li><strong>Visiera:</strong> visiera semicurva</li>
 	<li>Pannello: pannello davanti in poliestere con supporto in schiuma</li>
 	<li>Pannelli posteriori in rete</li>
 	<li><strong>Chiusura: chiusura snapback di plastica
</strong></li>
 	<li>Marcatura:<strong> etichetta ad alta definizione sulla chiusura posteriore
</strong></li>
 	<li>Altre caratteristiche:  toppe miste</li>
</ul>]]></content:encoded>
					
					<wfw:commentRss>/prodotto/cappellino-truck-quicsilver/feed/</wfw:commentRss>
			<slash:comments>0</slash:comments>
		
		
			</item>
		<item>
		<title>Sneaker con plateau LV Archlight 2.0</title>
		<link>/prodotto/felpa-vans-nera-uomo/</link>
					<comments>/prodotto/felpa-vans-nera-uomo/#respond</comments>
		
		<dc:creator><![CDATA[Francesco]]></dc:creator>
		<pubDate>Mon, 20 Mar 2023 15:22:47 +0000</pubDate>
				<guid isPermaLink="false">/?post_type=product#038;p=64</guid>

					<description><![CDATA[]]></description>
										<content:encoded><![CDATA[]]></content:encoded>
					
					<wfw:commentRss>/prodotto/felpa-vans-nera-uomo/feed/</wfw:commentRss>
			<slash:comments>0</slash:comments>
		
		
			</item>
		<item>
		<title>Anello Chanel Primavera &#8211; Estate</title>
		<link>/prodotto/zaino-burton-nero/</link>
					<comments>/prodotto/zaino-burton-nero/#respond</comments>
		
		<dc:creator><![CDATA[Francesco]]></dc:creator>
		<pubDate>Mon, 20 Mar 2023 15:21:52 +0000</pubDate>
				<guid isPermaLink="false">/?post_type=product#038;p=63</guid>

					<description><![CDATA[]]></description>
										<content:encoded><![CDATA[]]></content:encoded>
					
					<wfw:commentRss>/prodotto/zaino-burton-nero/feed/</wfw:commentRss>
			<slash:comments>0</slash:comments>
		
		
			</item>
		<item>
		<title>Anello Tiffany &#038; Co. Primavera &#8211; Estate 2023</title>
		<link>/prodotto/maglietta-volcom-nera-uomo/</link>
					<comments>/prodotto/maglietta-volcom-nera-uomo/#respond</comments>
		
		<dc:creator><![CDATA[Francesco]]></dc:creator>
		<pubDate>Mon, 20 Mar 2023 15:20:51 +0000</pubDate>
				<guid isPermaLink="false">/?post_type=product#038;p=62</guid>

					<description><![CDATA[]]></description>
										<content:encoded><![CDATA[]]></content:encoded>
					
					<wfw:commentRss>/prodotto/maglietta-volcom-nera-uomo/feed/</wfw:commentRss>
			<slash:comments>0</slash:comments>
		
		
			</item>
		<item>
		<title>SuedeGrip nere</title>
		<link>/prodotto/hoodie-with-logo/</link>
					<comments>/prodotto/hoodie-with-logo/#respond</comments>
		
		<dc:creator><![CDATA[Francesco]]></dc:creator>
		<pubDate>Mon, 20 Mar 2023 13:16:30 +0000</pubDate>
				<guid isPermaLink="false">/prodotto/hoodie-with-logo/</guid>

					<description><![CDATA[Scarpe eleganti da uomo in pelle scamosciata con suola in gomma aderente, fodera interna morbida e disponibili in diverse taglie e colori.]]></description>
										<content:encoded><![CDATA[<p>Realizzate con materiali di alta qualità e rifinite nei minimi dettagli, le scarpe &#8220;SuedeGrip&#8221; sono adatte per ogni occasione. La tomaia in pelle scamosciata dona un tocco di eleganza, mentre la suola in gomma garantisce una perfetta aderenza al terreno. La fodera interna morbida e traspirante garantisce il massimo comfort per tutto il giorno. Disponibili in diversi colori e taglie, queste scarpe sono un must-have per ogni guardaroba maschile.</p>
]]></content:encoded>
					
					<wfw:commentRss>/prodotto/hoodie-with-logo/feed/</wfw:commentRss>
			<slash:comments>0</slash:comments>
		
		
			</item>
	</channel>
</rss>
