<?xml version="1.0" encoding="UTF-8"?><rss version="2.0"
	xmlns:content="http://purl.org/rss/1.0/modules/content/"
	xmlns:wfw="http://wellformedweb.org/CommentAPI/"
	xmlns:dc="http://purl.org/dc/elements/1.1/"
	xmlns:atom="http://www.w3.org/2005/Atom"
	xmlns:sy="http://purl.org/rss/1.0/modules/syndication/"
	xmlns:slash="http://purl.org/rss/1.0/modules/slash/"
	>

<channel>
	<title>Profumi &#8211; LuxeTresor</title>
	<atom:link href="http://localhost/esercizio-20-03/categoria-prodotto/profumi/feed/?simply_static_page=1624" rel="self" type="application/rss+xml" />
	<link></link>
	<description></description>
	<lastBuildDate>Tue, 21 Mar 2023 15:44:22 +0000</lastBuildDate>
	<language>it-IT</language>
	<sy:updatePeriod>
	hourly	</sy:updatePeriod>
	<sy:updateFrequency>
	1	</sy:updateFrequency>
	<generator>https://wordpress.org/?v=6.1.1</generator>

<image>
	<url>/wp-content/uploads/2023/03/cropped-Logotipo_Moda_Femenina_Negro_y_Beige__2_-removebg-preview-50x50.png</url>
	<title>Profumi &#8211; LuxeTresor</title>
	<link></link>
	<width>32</width>
	<height>32</height>
</image> 
	<item>
		<title>BVLGARI ALLEGRA MAGNIFYING PATCHOULI EAU DE PARFUM</title>
		<link>/prodotto/zaino-burton-blue/</link>
					<comments>/prodotto/zaino-burton-blue/#respond</comments>
		
		<dc:creator><![CDATA[Francesco]]></dc:creator>
		<pubDate>Mon, 20 Mar 2023 15:39:53 +0000</pubDate>
				<guid isPermaLink="false">/?post_type=product#038;p=72</guid>

					<description><![CDATA[]]></description>
										<content:encoded><![CDATA[]]></content:encoded>
					
					<wfw:commentRss>/prodotto/zaino-burton-blue/feed/</wfw:commentRss>
			<slash:comments>0</slash:comments>
		
		
			</item>
		<item>
		<title>BVLGARI ALLEGRA MYRRH MAGNIFYING EAU DE PARFUM</title>
		<link>/prodotto/felpa-adidas-grigia-donna/</link>
					<comments>/prodotto/felpa-adidas-grigia-donna/#respond</comments>
		
		<dc:creator><![CDATA[Francesco]]></dc:creator>
		<pubDate>Mon, 20 Mar 2023 15:37:25 +0000</pubDate>
				<guid isPermaLink="false">/?post_type=product#038;p=71</guid>

					<description><![CDATA[]]></description>
										<content:encoded><![CDATA[]]></content:encoded>
					
					<wfw:commentRss>/prodotto/felpa-adidas-grigia-donna/feed/</wfw:commentRss>
			<slash:comments>0</slash:comments>
		
		
			</item>
		<item>
		<title>BVLGARI ALLEGRA MAGNIFYING MUSK EAU DE PARFUM</title>
		<link>/prodotto/cappellino-truck-quicsilver/</link>
					<comments>/prodotto/cappellino-truck-quicsilver/#respond</comments>
		
		<dc:creator><![CDATA[Francesco]]></dc:creator>
		<pubDate>Mon, 20 Mar 2023 15:24:00 +0000</pubDate>
				<guid isPermaLink="false">/?post_type=product#038;p=65</guid>

					<description><![CDATA[<p class="r-slide-action-block-title">Caratteristiche</p>

<ul class="r-slide-action-block-list">
 	<li><strong>Tessuto:</strong> Tessuto in misto di cotone e poliestere</li>
 	<li><strong>Costruzione:</strong> costruzione in schiuma a 5 pannelli</li>
 	<li><strong>Visiera:</strong> visiera semicurva</li>
 	<li>Pannello: pannello davanti in poliestere con supporto in schiuma</li>
 	<li>Pannelli posteriori in rete</li>
 	<li><strong>Chiusura: chiusura snapback di plastica
</strong></li>
 	<li>Marcatura:<strong> etichetta ad alta definizione sulla chiusura posteriore
</strong></li>
 	<li>Altre caratteristiche:  toppe miste</li>
</ul>]]></description>
										<content:encoded><![CDATA[<p class="r-slide-action-block-title">Caratteristiche</p>

<ul class="r-slide-action-block-list">
 	<li><strong>Tessuto:</strong> Tessuto in misto di cotone e poliestere</li>
 	<li><strong>Costruzione:</strong> costruzione in schiuma a 5 pannelli</li>
 	<li><strong>Visiera:</strong> visiera semicurva</li>
 	<li>Pannello: pannello davanti in poliestere con supporto in schiuma</li>
 	<li>Pannelli posteriori in rete</li>
 	<li><strong>Chiusura: chiusura snapback di plastica
</strong></li>
 	<li>Marcatura:<strong> etichetta ad alta definizione sulla chiusura posteriore
</strong></li>
 	<li>Altre caratteristiche:  toppe miste</li>
</ul>]]></content:encoded>
					
					<wfw:commentRss>/prodotto/cappellino-truck-quicsilver/feed/</wfw:commentRss>
			<slash:comments>0</slash:comments>
		
		
			</item>
	</channel>
</rss>
